{
  "kss_summary": {
    "3": {
      "n": 1958,
      "mean": 0.31039738181799803,
      "median": 0.32736122047121996,
      "std": 0.0618713372746644,
      "below_0.16": 0.04954034729315628,
      "below_0.20": 0.06281920326864147
    },
    "6": {
      "n": 1485,
      "mean": 0.31247053132984715,
      "median": 0.3369009357348074,
      "std": 0.07254553103251793,
      "below_0.16": 0.0734006734006734,
      "below_0.20": 0.09966329966329966
    },
    "7": {
      "n": 2366,
      "mean": 0.29399562974269855,
      "median": 0.314325348085275,
      "std": 0.06985260315072044,
      "below_0.16": 0.06973795435333897,
      "below_0.20": 0.09847844463229079
    },
    "4": {
      "n": 1189,
      "mean": 0.3124471518849554,
      "median": 0.32049488029786166,
      "std": 0.06569536005795708,
      "below_0.16": 0.04878048780487805,
      "below_0.20": 0.0656013456686291
    },
    "2": {
      "n": 1034,
      "mean": 0.31458357806415027,
      "median": 0.34226929598685585,
      "std": 0.06668438092932757,
      "below_0.16": 0.047388781431334626,
      "below_0.20": 0.07543520309477757
    },
    "5": {
      "n": 300,
      "mean": 0.3213412092485638,
      "median": 0.3247570099000152,
      "std": 0.025986536861892118,
      "below_0.16": 0.006666666666666667,
      "below_0.20": 0.01
    },
    "8": {
      "n": 1465,
      "mean": 0.30527497468363723,
      "median": 0.32770865847466,
      "std": 0.07378924378621377,
      "below_0.16": 0.08191126279863481,
      "below_0.20": 0.10580204778156997
    },
    "9": {
      "n": 593,
      "mean": 0.2468779815139309,
      "median": 0.2719074672530452,
      "std": 0.09010430565809485,
      "below_0.16": 0.2057335581787521,
      "below_0.20": 0.25126475548060706
    }
  },
  "suggested_threshold": 0.33999999999999986,
  "detection_rate_mean": 0.9588409007013659
}